{
  "metrics": [
    {
      "key": "circle_baseline",
      "trajectory": "circle",
      "mode": "baseline",
      "label": "circle baseline",
      "selected_csv": "logs/offboard_trajectory_circle_baseline_20260629_235707.csv",
      "samples": 771,
      "duration_s": 39.999968,
      "xy_rmse_m": 0.2281003969075206,
      "xy_mae_m": 0.19420391622590932,
      "xy_error_std_m": 0.11964376286245937,
      "z_rmse_m": 0.19047712581895065,
      "z_mae_m": 0.06624076749675746,
      "z_error_std_m": 0.17858806281968814,
      "position_rmse_m": 0.29717221695444,
      "position_mae_m": 0.22248376074282028,
      "position_error_std_m": 0.19700838239868948,
      "max_position_error_m": 1.632124444847964,
      "final_position_error_before_landing_m": 0.13318829096201187,
      "max_speed_mps": 1.098177290459201
    },
    {
      "key": "circle_feedforward",
      "trajectory": "circle",
      "mode": "feedforward",
      "label": "circle feedforward",
      "selected_csv": "logs/offboard_trajectory_circle_feedforward_20260630_003510.csv",
      "samples": 772,
      "duration_s": 39.950033,
      "xy_rmse_m": 0.1559460382835017,
      "xy_mae_m": 0.06170621601094994,
      "xy_error_std_m": 0.14321839882476473,
      "z_rmse_m": 0.19707481622862555,
      "z_mae_m": 0.06697899363989636,
      "z_error_std_m": 0.18534372825249104,
      "position_rmse_m": 0.2513118581521093,
      "position_mae_m": 0.10015615279619687,
      "position_error_std_m": 0.23049163781996684,
      "max_position_error_m": 1.6924139607545636,
      "final_position_error_before_landing_m": 0.02000094797604929,
      "max_speed_mps": 1.1328392288205136
    },
    {
      "key": "square_baseline",
      "trajectory": "square",
      "mode": "baseline",
      "label": "square baseline",
      "selected_csv": "logs/offboard_trajectory_square_baseline_20260630_120601.csv",
      "samples": 771,
      "duration_s": 39.95013,
      "xy_rmse_m": 0.24031802536860902,
      "xy_mae_m": 0.19427375320260376,
      "xy_error_std_m": 0.14145834062946314,
      "z_rmse_m": 0.20460800178982808,
      "z_mae_m": 0.07006613604409857,
      "z_error_std_m": 0.19223727780083696,
      "position_rmse_m": 0.3156219062636397,
      "position_mae_m": 0.2241341920412627,
      "position_error_std_m": 0.22221847734044098,
      "max_position_error_m": 1.8295953897056836,
      "final_position_error_before_landing_m": 0.1478100800522414,
      "max_speed_mps": 1.0977039504715524
    },
    {
      "key": "square_smooth",
      "trajectory": "square",
      "mode": "smooth",
      "label": "square smooth",
      "selected_csv": "logs/offboard_trajectory_square_smooth_20260630_120804.csv",
      "samples": 767,
      "duration_s": 39.95014,
      "xy_rmse_m": 0.19282681547240393,
      "xy_mae_m": 0.08731999161604652,
      "xy_error_std_m": 0.17192265653311112,
      "z_rmse_m": 0.19995891683423941,
      "z_mae_m": 0.06910117162972619,
      "z_error_std_m": 0.18763953874629247,
      "position_rmse_m": 0.2777872372639729,
      "position_mae_m": 0.12169666869995414,
      "position_error_std_m": 0.2497111731863122,
      "max_position_error_m": 1.8015447897052725,
      "final_position_error_before_landing_m": 0.0675062684533259,
      "max_speed_mps": 1.1050515197251354
    },
    {
      "key": "figure8_baseline",
      "trajectory": "figure8",
      "mode": "baseline",
      "label": "figure8 baseline",
      "selected_csv": "logs/offboard_trajectory_figure8_baseline_20260630_115423.csv",
      "samples": 800,
      "duration_s": 39.949938,
      "xy_rmse_m": 0.2207825085377005,
      "xy_mae_m": 0.20878372130666903,
      "xy_error_std_m": 0.07179327122745519,
      "z_rmse_m": 0.18708834518590592,
      "z_mae_m": 0.06433775446250001,
      "z_error_std_m": 0.1756778365506695,
      "position_rmse_m": 0.28939067880738745,
      "position_mae_m": 0.24643359555081765,
      "position_error_std_m": 0.15171502221104047,
      "max_position_error_m": 1.3343293391665156,
      "final_position_error_before_landing_m": 0.2824660659075871,
      "max_speed_mps": 1.0559644570153508
    },
    {
      "key": "figure8_feedforward",
      "trajectory": "figure8",
      "mode": "feedforward",
      "label": "figure8 feedforward",
      "selected_csv": "logs/offboard_trajectory_figure8_feedforward_20260630_120214.csv",
      "samples": 778,
      "duration_s": 39.999876,
      "xy_rmse_m": 0.06110180732558506,
      "xy_mae_m": 0.05249979134616355,
      "xy_error_std_m": 0.031260242594423504,
      "z_rmse_m": 0.37895623829812897,
      "z_mae_m": 0.12152331069652955,
      "z_error_std_m": 0.35894277469037184,
      "position_rmse_m": 0.3838505717118593,
      "position_mae_m": 0.15715956764191114,
      "position_error_std_m": 0.3502029864266277,
      "max_position_error_m": 2.007747673702714,
      "final_position_error_before_landing_m": 0.016807403153624695,
      "max_speed_mps": 1.1865495505338999
    },
    {
      "key": "figure8_planar_ff_g0p5",
      "trajectory": "figure8",
      "mode": "planar_ff_g0p5",
      "label": "figure8 planar_ff g=0.5",
      "selected_csv": "logs/offboard_trajectory_figure8_planar_ff_g0p5_20260630_130443.csv",
      "samples": 776,
      "duration_s": 39.950151,
      "xy_rmse_m": 0.1478692901536933,
      "xy_mae_m": 0.12267742758693634,
      "xy_error_std_m": 0.08255650023595432,
      "z_rmse_m": 0.19991126416982338,
      "z_mae_m": 0.06970373399484536,
      "z_error_std_m": 0.18736569325560307,
      "position_rmse_m": 0.2486560687225109,
      "position_mae_m": 0.16932110869310193,
      "position_error_std_m": 0.18209943070606457,
      "max_position_error_m": 1.2287518678148375,
      "final_position_error_before_landing_m": 0.18560712161845738,
      "max_speed_mps": 0.7353876841261918
    },
    {
      "key": "figure8_planar_ff_g0p8",
      "trajectory": "figure8",
      "mode": "planar_ff_g0p8",
      "label": "figure8 planar_ff g=0.8",
      "selected_csv": "logs/offboard_trajectory_figure8_planar_ff_g0p8_20260630_130300.csv",
      "samples": 780,
      "duration_s": 40.000129,
      "xy_rmse_m": 0.07703413377004649,
      "xy_mae_m": 0.06624350627331134,
      "xy_error_std_m": 0.03931991406805435,
      "z_rmse_m": 0.19900897096112655,
      "z_mae_m": 0.07300223992307693,
      "z_error_std_m": 0.18513574341336686,
      "position_rmse_m": 0.21339828558052643,
      "position_mae_m": 0.12187162600010941,
      "position_error_std_m": 0.1751745845286849,
      "max_position_error_m": 1.411777831730933,
      "final_position_error_before_landing_m": 0.06836644252411822,
      "max_speed_mps": 1.0735641087756271
    },
    {
      "key": "figure8_planar_ff_g1",
      "trajectory": "figure8",
      "mode": "planar_ff_g1",
      "label": "figure8 planar_ff g=1.0",
      "selected_csv": "logs/offboard_trajectory_figure8_planar_ff_g1_20260630_130606.csv",
      "samples": 749,
      "duration_s": 40.00033,
      "xy_rmse_m": 0.09027713026301047,
      "xy_mae_m": 0.0629784494505461,
      "xy_error_std_m": 0.06468133543248449,
      "z_rmse_m": 0.20861539353844963,
      "z_mae_m": 0.07402909644859812,
      "z_error_std_m": 0.19503865078544394,
      "position_rmse_m": 0.22731111426792744,
      "position_mae_m": 0.11793624485818018,
      "position_error_std_m": 0.1943228880458453,
      "max_position_error_m": 1.2557164046992375,
      "final_position_error_before_landing_m": 0.10686127896607273,
      "max_speed_mps": 0.7309877101016129
    }
  ],
  "missing": []
}