trajectory_type,controller_mode,samples,duration_s,xy_rmse_m,xy_mae_m,max_xy_error_m,z_rmse_m,z_mae_m,position_rmse_m,max_position_error_m,final_position_error_before_landing_m,max_speed_mps,source_files
circle,baseline,771,39.999968,0.2281003969075206,0.19420391622590932,0.943336515466583,0.19047712581895065,0.06624076749675746,0.29717221695444,1.632124444847964,0.13318829096201187,1.098177290459201,logs/offboard_trajectory_circle_baseline_20260629_235707.csv
circle,feedforward,772,39.950033,0.1559460382835017,0.06170621601094994,0.9470070036487239,0.19707481622862555,0.06697899363989636,0.2513118581521093,1.6924139607545636,0.02000094797604929,1.1328392288205136,logs/offboard_trajectory_circle_feedforward_20260630_003510.csv
